time,tokens_generated
7.271014314000013,200
7.493533845999991,200
7.932329407999987,200
